,title,imdb_rating,US_box_office,runtime
0,Doctor Strange in the Multiverse of Madness,6.9,411.33,126
1,It,7.3,327.48,135
2,I Am Legend,7.2,256.39,101
3,The Exorcist,8.1,232.91,122
4,It Chapter Two,6.5,211.59,169
5,World War Z,7.0,202.36,116
6,A Quiet Place,7.5,188.02,90
7,Get Out,7.7,176.04,104
8,Us,6.8,175.08,116
9,Hotel Transylvania 2,6.6,169.70,89
10,Hotel Transylvania 3: Summer Vacation,6.3,167.51,97
11,A Quiet Place Part II,7.2,160.07,97
12,Halloween,6.5,159.34,106
13,What Lies Beneath,6.6,155.46,130
14,Hotel Transylvania,7.0,148.31,91
15,Gremlins,7.3,148.17,106
16,The Meg,5.6,143.01,113
17,The Blair Witch Project,6.5,140.54,81
18,The Rocky Horror Picture Show,7.4,139.88,100
19,Split,7.3,138.29,117
20,The Conjuring,7.5,137.40,112
21,The Ring,7.1,129.13,115
22,Nope,6.8,123.28,130
23,The Nun,5.3,117.45,96
24,Glass,6.6,111.05,129
25,The Grudge,5.9,110.36,91
26,Paranormal Activity,6.3,107.92,86
27,Interview with the Vampire: The Vampire Chronicles,7.5,105.26,123
28,Paranormal Activity 3,5.8,104.01,83
29,Scream,7.4,103.05,111
30,Jaws 2,5.8,102.92,116
31,The Mummy: Tomb of the Dragon Emperor,5.2,102.49,112
32,The Conjuring 2,7.3,102.47,134
33,Annabelle: Creation,6.5,102.09,109
34,Scream 2,6.3,101.36,120
35,Sleepy Hollow,7.3,101.07,105
36,The Addams Family,5.8,100.04,86
37,The Others,7.6,96.52,104
38,M3GAN,6.4,93.88,102
39,Halloween Kills,5.5,92.00,105
40,The Haunting,5.0,91.41,113
41,The Black Phone,6.9,90.12,103
42,Don't Breathe,7.1,89.22,88
43,Scream 3,5.6,89.14,116
44,Saw II,6.6,87.04,93
45,The Amityville Horror,6.1,86.43,117
46,Paranormal Activity 2,5.7,84.75,91
47,Annabelle,5.4,84.27,99
48,Scooby-Doo 2: Monsters Unleashed,5.2,84.22,93
49,Insidious: Chapter 2,6.5,83.59,106
0,Freddy vs. Jason,5.7,82.62,97
1,Dracula,7.4,82.52,128
2,Blade II,6.7,82.35,117
3,Scream,6.3,81.64,114
4,The Texas Chainsaw Massacre,6.2,80.57,98
5,Alien vs. Predator,5.6,80.28,101
6,Saw III,6.2,80.24,108
7,The Mummy,5.4,80.10,110
8,Goosebumps,6.3,80.08,103
9,Cloverfield,7.0,80.05,85
10,Dark Shadows,6.2,79.73,113
11,The Purge: Election Year,6.0,79.21,108
12,Alien,8.5,78.90,117
13,Where the Wild Things Are,6.7,77.23,101
14,Poltergeist,7.3,76.61,114
15,The Ring Two,5.4,76.23,110
16,Constantine,7.0,75.98,121
17,The Haunted Mansion,5.1,75.85,88
18,Hellboy II: The Golden Army,7.0,75.75,120
19,Zombieland,7.6,75.59,88
20,The Exorcism of Emily Rose,6.7,75.07,119
21,Alien: Covenant,6.4,74.26,122
22,Annabelle Comes Home,5.9,74.15,106
23,Morbius,5.2,73.87,104
24,Hollow Man,5.8,73.21,112
25,Boo! A Madea Halloween,4.6,73.21,103
26,Zombieland: Double Tap,6.7,73.12,99
27,I Know What You Did Last Summer,5.8,72.59,101
28,10 Cloverfield Lane,7.2,72.08,103
29,1408,6.8,71.99,104
30,The Purge: Anarchy,6.4,71.96,103
31,Mama,6.2,71.63,100
32,Scary Movie 2,5.3,71.31,83
33,The Invisible Man,7.1,70.41,124
34,Blade,7.1,70.09,120
35,The First Purge,5.2,69.49,97
36,Scary Stories to Tell in the Dark,6.2,68.95,108
37,Insidious: The Last Key,5.7,67.75,103
38,Lights Out,6.3,67.27,81
39,End of Days,5.8,66.89,122
40,The Final Destination,5.1,66.48,82
41,Warm Bodies,6.8,66.38,98
42,Anaconda,4.8,65.89,89
43,The Conjuring: The Devil Made Me Do It,6.3,65.63,112
44,The Amityville Horror,5.9,65.23,90
45,The Visit,6.2,65.21,94
46,Wolf,6.2,65.01,125
47,Friday the 13th,5.5,65.00,97
48,The Purge,5.7,64.47,85
49,The Witches of Eastwick,6.5,63.77,118
0,Saw IV,5.9,63.30,93
1,A Nightmare on Elm Street,5.2,63.08,95
2,Underworld: Awakening,6.3,62.32,88
3,The Wolfman,5.8,61.98,103
4,Flatliners,6.5,61.49,115
5,The Cell,6.4,61.33,107
6,Candyman,5.9,61.19,91
7,Dora and the Lost City of Gold,6.1,60.48,102
8,Resident Evil: Afterlife,5.8,60.13,96
9,Species,5.8,60.07,108
10,Pacific Rim: Uprising,5.6,59.87,111
11,Predator,7.8,59.74,107
12,Gothika,5.8,59.69,98
13,Hellboy,6.8,59.62,122
14,The Stepford Wives,5.3,59.48,93
15,Dawn of the Dead,7.3,59.02,101
16,Death Becomes Her,6.6,58.42,104
17,Halloween,6.0,58.27,109
18,Pet Sematary,6.5,57.47,103
19,Escape Room,6.4,57.01,99
20,Saw V,5.8,56.75,92
21,The Addams Family 2,5.4,56.49,93
22,White Noise,5.5,56.39,101
23,Dracula Untold,6.2,56.28,92
24,Saw,7.6,56.00,103
25,Hansel & Gretel: Witch Hunters,6.1,55.70,88
26,Happy Death Day,6.6,55.68,96
27,AlienÂ³,6.4,55.47,114
28,The Haunting in Connecticut,5.8,55.39,92
29,The Shallows,6.3,55.12,86
30,Halloween H20: 20 Years Later,5.8,55.04,86
31,Spawn,5.2,54.97,96
32,The Curse of La Llorona,5.2,54.73,93
33,Pet Sematary,5.7,54.72,101
34,The Omen,5.5,54.61,110
35,The Woman in Black,6.4,54.33,95
36,Evil Dead,6.5,54.24,91
37,Final Destination 3,5.8,54.10,93
38,Insidious,6.8,54.01,103
39,Paranormal Activity 4,4.6,53.92,88
40,Final Destination,6.7,53.33,98
41,The Devil Inside,4.2,53.26,83
42,Arachnophobia,6.5,53.21,109
43,Sweeney Todd: The Demon Barber of Fleet Street,7.3,52.90,116
44,King Kong,5.9,52.61,134
45,The Strangers,6.1,52.60,86
46,No Good Deed,5.6,52.54,84
47,Blade: Trinity,5.8,52.41,113
48,Insidious: Chapter 3,6.1,52.22,97
49,My Bloody Valentine,5.4,51.55,101
0,Resident Evil: Apocalypse,6.1,51.20,94
1,Hide and Seek,5.9,51.10,101
2,The Predator,5.3,51.02,107
3,Ouija,4.5,50.86,89
4,The Crow,7.5,50.69,102
5,Resident Evil: Extinction,6.2,50.65,94
6,Stigmata,6.2,50.05,103
7,A Nightmare on Elm Street 4: The Dream Master,5.6,49.37,93
8,The Possession,5.9,49.13,92
9,Old,5.8,48.28,108
10,Sinister,6.8,48.09,110
11,When a Stranger Calls,5.1,47.86,87
12,The Skeleton Key,6.5,47.81,104
13,Alien: Resurrection,6.2,47.75,109
14,Poltergeist,4.9,47.43,93
15,Hostel,5.9,47.33,94
16,Boo 2! A Madea Halloween,3.9,47.32,101
17,Halloween,7.7,47.00,91
18,Silent Hill,6.5,46.98,125
19,Final Destination 2,6.2,46.96,90
20,Boogeyman,4.2,46.75,89
21,Goosebumps 2: Slappy's Revenge,5.6,46.70,90
22,Saw 3D,5.5,45.71,90
23,Jaws 3-D,3.7,45.52,99
24,Ma,5.6,45.37,99
25,28 Days Later,7.5,45.06,113
26,A Nightmare on Elm Street 3: Dream Warriors,6.6,44.79,96
27,The Forever Purge,5.4,44.54,103
28,Hocus Pocus,6.9,44.34,96
29,47 Meters Down,5.6,44.31,89
30,Hereditary,7.3,44.07,127
31,The Shining,8.4,44.02,146
32,Love at First Bite,6.1,43.89,96
33,Prom Night,3.9,43.87,88
34,Acrimony,5.9,43.55,120
35,The Unborn,4.7,42.67,88
36,Krampus,6.2,42.59,98
37,Final Destination 5,5.9,42.59,92
38,Resident Evil: Retribution,5.3,42.35,95
39,Drag Me to Hell,6.6,42.10,99
40,The Cabin in the Woods,7.0,42.07,95
41,Thir13en Ghosts,5.6,41.87,91
42,Exorcist: The Beginning,5.1,41.82,114
43,Aliens vs. Predator: Requiem,4.6,41.80,94
44,The Hills Have Eyes,6.4,41.78,107
45,Orphan,7.0,41.60,123
46,Gremlins 2: The New Batch,6.4,41.48,106
47,Truth or Dare,5.2,41.41,100
48,The Last Exorcism,5.7,41.03,87
49,Poltergeist II: The Other Side,5.6,41.00,91
0,House on Haunted Hill,5.6,40.85,99
1,The Fly,7.6,40.46,96
2,Legion,5.2,40.17,100
3,Resident Evil,6.6,40.12,100
4,The Faculty,6.6,40.06,104
5,A Haunted House,5.0,40.04,86
6,I Still Know What You Did Last Summer,4.7,40.00,100
7,Friday the 13th,6.4,39.75,95
8,30 Days of Night,6.6,39.57,113
9,The Texas Chainsaw Massacre: The Beginning,5.8,39.52,91
10,Pitch Black,7.1,39.24,109
11,The Grudge 2,5.0,39.14,102
12,The Crazies,6.5,39.12,101
13,The Sword and the Sorcerer,5.4,39.10,99
14,Crawl,6.1,39.01,87
15,Little Shop of Horrors,7.1,38.75,94
16,Scream 4,6.2,38.18,111
17,Urban Legend,5.6,38.07,99
18,Jigsaw,5.7,38.05,92
19,The Brothers Grimm,5.9,37.92,118
20,Jeepers Creepers,6.2,37.90,90
21,Red Riding Hood,5.4,37.66,100
22,Abraham Lincoln: Vampire Hunter,5.9,37.52,105
23,The Roommate,4.8,37.30,91
24,Friday the 13th Part III,5.6,36.69,95
25,Vampires Suck,3.4,36.66,82
26,The Boy,6.0,35.82,97
27,The Mothman Prophecies,6.4,35.75,119
28,Jeepers Creepers 2,5.6,35.67,104
29,The Intruder,5.6,35.42,102
30,The Messengers,5.3,35.37,90
31,Frankenweenie,6.9,35.29,87
32,Carrie,5.8,35.27,100
33,Ouija: Origin of Evil,6.2,35.14,99
34,Ghoulies,4.1,35.00,81
35,Freddy's Dead: The Final Nightmare,4.7,34.87,89
36,Psycho II,6.6,34.73,113
37,Texas Chainsaw,4.8,34.34,92
38,The Relic,5.8,33.96,110
39,Carrie,7.4,33.80,98
40,Dreamcatcher,5.5,33.72,134
41,Devil,6.3,33.58,80
42,Halloween II,4.7,33.39,105
43,Child's Play,6.6,33.24,87
44,The Rite,6.0,33.05,114
45,Dracula 2000,4.9,33.02,99
46,Friday the 13th: The Final Chapter,6.0,32.98,91
47,The Last House on the Left,6.5,32.75,110
48,Annihilation,6.8,32.73,115
49,Don't Breathe 2,6.0,32.64,98
0,Darkness Falls,4.9,32.55,86
1,Unfriended,5.6,32.48,83
2,Paranormal Activity: The Marked Ones,5.0,32.46,84
3,Bride of Chucky,5.6,32.40,89
4,Anacondas: The Hunt for the Blood Orchid,4.7,32.24,97
5,The Lost Boys,7.2,32.22,97
6,The Lawnmower Man,5.4,32.10,108
7,House of Wax,5.4,32.06,113
8,Scary Movie V,3.5,32.02,86
9,Psycho,8.5,32.00,109
10,Beast,5.6,31.85,93
11,Lake Placid,5.8,31.77,82
12,Quarantine,5.9,31.69,89
13,House at the End of the Street,5.5,31.61,101
14,From Hell,6.7,31.60,122
15,Doctor Sleep,7.3,31.58,152
16,The Eye,5.4,31.42,98
17,The Mortal Instruments: City of Bones,5.8,31.17,130
18,Crimson Peak,6.5,31.09,119
19,The Texas Chain Saw Massacre,7.4,30.86,83
20,Exorcist II: The Heretic,3.8,30.75,117
21,Mirrors,6.1,30.69,110
22,Predator 2,6.3,30.67,108
23,Open Water,5.8,30.61,79
24,Deliver Us from Evil,6.2,30.58,118
25,Slender Man,3.2,30.57,93
26,An American Werewolf in London,7.5,30.57,97
27,Sleepwalkers,5.3,30.52,91
28,Halloween: Resurrection,3.9,30.35,90
29,Underworld: Blood Wars,5.7,30.35,91
30,Queen of the Damned,5.2,30.34,104
31,Life,6.6,30.23,104
32,Ghost Ship,5.5,30.11,91
33,Daybreakers,6.4,30.10,98
34,A Nightmare on Elm Street 2: Freddy's Revenge,5.4,30.00,87
35,The Fog,3.7,29.51,100
36,Twilight Zone: The Movie,6.4,29.50,101
37,Bless the Child,5.1,29.37,107
38,Child's Play,5.7,29.21,90
39,Priest,5.7,29.14,87
40,Ready or Not,6.8,28.71,95
41,28 Weeks Later,6.9,28.64,100
42,The Uninvited,6.3,28.57,87
43,Child's Play 2,5.9,28.50,84
44,Doom,5.2,28.21,105
45,Happy Death Day 2U,6.2,28.15,100
46,Rings,4.5,27.79,102
47,Sinister 2,5.3,27.74,97
48,Oculus,6.5,27.70,104
49,Saw VI,6.0,27.69,90
0,The Island of Dr. Moreau,4.5,27.66,96
1,Midsommar,7.1,27.33,148
2,Fantasy Island,4.9,27.31,109
3,One Missed Call,4.0,26.88,87
4,Resident Evil: The Final Chapter,5.5,26.83,107
5,Event Horizon,6.6,26.67,96
6,The Forest,4.8,26.58,93
7,An American Werewolf in Paris,5.1,26.57,98
8,The Woman in Black 2: Angel of Death,4.8,26.50,98
9,Book of Shadows: Blair Witch 2,4.0,26.44,90
10,Jacob's Ladder,7.4,26.12,113
11,The Exorcist III,6.5,26.10,110
12,The Descent,7.2,26.02,99
13,Magic,6.8,25.94,107
14,Shutter,5.2,25.93,85
15,The Lazarus Effect,5.2,25.80,83
16,Candyman,6.7,25.79,99
17,From Dusk Till Dawn,7.2,25.75,108
18,The Mist,7.1,25.59,126
19,Halloween II,6.5,25.53,92
20,A Nightmare on Elm Street,7.4,25.50,91
21,Mimic,6.0,25.48,105
22,Dark Water,5.6,25.47,105
23,The Fourth Kind,5.9,25.46,98
24,Escape Room: Tournament of Champions,5.7,25.19,88
25,The Witch,6.9,25.14,92
26,The Reaping,5.6,25.12,99
27,Winchester,5.4,25.09,99
28,Grindhouse,7.5,25.04,191
29,Piranha 3D,5.5,25.00,88
30,The Hills Have Eyes,6.3,25.00,90
31,Invasion of the Body Snatchers,7.4,24.95,115
32,Fright Night,7.0,24.92,106
33,The Craft,6.4,24.88,101
34,The Strangers: Prey at Night,5.2,24.43,85
35,The People Under the Stairs,6.4,24.20,102
36,Don't Be Afraid of the Dark,5.5,24.04,99
37,Graduation Day,4.8,23.89,96
38,The New Mutants,5.3,23.86,94
39,House of Wax,7.0,23.75,88
40,The Wicker Man,3.7,23.64,102
41,Ghost Story,6.3,23.37,110
42,The Covenant,5.1,23.29,97
43,Stay Alive,5.0,23.09,85
44,Beloved,6.0,22.85,172
45,The Gallows,4.2,22.76,81
46,The First Power,5.7,22.42,98
47,The Bye Bye Man,4.3,22.38,96
48,47 Meters Down: Uncaged,5.0,22.26,90
49,A Nightmare on Elm Street: The Dream Child,5.0,22.17,89
0,Darkness,5.4,22.16,88
1,Mary Shelley's Frankenstein,6.3,22.01,123
2,Friday the 13th: A New Beginning,4.7,21.93,92
3,Hellboy,5.2,21.90,120
4,Friday the 13th Part 2,6.1,21.72,87
5,Overlord,6.6,21.70,110
6,Urban Legends: Final Cut,4.3,21.47,97
7,Psycho,4.6,21.46,105
8,The Darkest Hour,4.9,21.43,89
9,When a Stranger Calls,6.4,21.41,97
10,The Fog,6.8,21.38,89
11,Raising Cain,6.0,21.37,92
12,Christine,6.7,21.20,110
13,Cujo,6.1,21.20,93
14,"As Above, So Below",6.2,21.20,93
15,Cabin Fever,5.6,21.16,93
16,Stir of Echoes,6.9,21.13,99
17,Tales from the Crypt: Demon Knight,6.7,21.09,92
18,Creepshow,6.8,21.03,120
19,The X Files: I Want to Believe,5.9,20.98,104
20,The Hills Have Eyes 2,5.1,20.80,89
21,Blair Witch,5.0,20.78,89
22,The Dead Zone,7.2,20.77,103
23,Jaws: The Revenge,3.0,20.76,89
24,Land of the Dead,6.2,20.70,93
25,The Final Conflict,5.5,20.47,108
26,Valentine,4.9,20.38,96
27,Pulse,4.7,20.26,90
28,Vampires,6.1,20.24,108
29,Dracula,6.5,20.16,109
30,The Fly II,5.1,20.02,105
31,Altered States,6.9,19.85,102
32,Vampire in Brooklyn,4.6,19.75,100
33,The Serpent and the Rainbow,6.4,19.60,98
34,Igor,5.9,19.53,87
35,Friday the 13th Part VI: Jason Lives,6.0,19.47,86
36,House,6.1,19.44,93
37,Vacancy,6.2,19.36,85
38,Cursed,5.0,19.30,97
39,Willard,6.2,19.22,95
40,Friday the 13th Part VII: The New Blood,5.2,19.17,88
41,Species II,4.5,19.17,89
42,The Seventh Sign,5.8,18.88,97
43,Shark Night,4.0,18.87,90
44,The Believers,6.1,18.75,114
45,You're Next,6.6,18.47,95
46,Prophecy,5.5,18.39,102
47,Paranormal Activity: The Ghost Dimension,4.6,18.30,88
48,Fright Night,6.4,18.30,106
49,Chernobyl Diaries,5.0,18.12,86
0,New Nightmare,6.4,18.09,112
1,The Howling,6.5,17.99,91
2,The Crow: City of Angels,4.6,17.88,84
3,Mother!,6.6,17.80,121
4,Halloween 4: The Return of Michael Myers,5.8,17.77,88
5,The Rage: Carrie 2,4.7,17.76,104
6,Apollo 18,5.2,17.69,86
7,Hostel: Part II,5.5,17.61,94
8,Silent Hill: Revelation,4.9,17.53,95
9,The Curse of Frankenstein,7.0,17.44,82
10,The Ruins,5.9,17.43,90
11,Dark Skies,6.3,17.41,97
12,Disturbing Behavior,5.6,17.41,84
13,A Haunted House 2,4.6,17.33,86
14,Eight Legged Freaks,5.5,17.32,99
15,Brightburn,6.1,17.30,90
16,Underwater,5.9,17.29,95
17,Angel Heart,7.2,17.19,113
18,Diabolique,5.4,17.10,107
19,Pet Sematary II,4.9,17.09,100
20,Seed of Chucky,4.9,17.08,87
21,The Devil's Rejects,6.7,17.04,107
22,The Guardian,5.3,17.04,92
23,Resident Evil: Welcome to Raccoon City,5.2,17.00,107
24,Kingdom of the Spiders,5.7,17.00,97
25,Splice,5.8,17.00,104
26,The Thing,6.2,16.93,103
27,Flatliners,5.2,16.87,109
28,Dead Silence,6.1,16.81,89
29,Lost Souls,4.8,16.78,97
30,The Frighteners,7.1,16.76,110
31,Hellraiser: Bloodline,5.0,16.68,85
32,Tremors,7.1,16.67,96
33,Buffy the Vampire Slayer,5.7,16.62,86
34,Shocker,5.5,16.55,109
35,Tales from the Darkside: The Movie,6.2,16.32,93
36,An American Haunting,5.0,16.30,83
37,Black Christmas,4.6,16.24,95
38,Jennifer's Body,5.4,16.20,102
39,Wolf Creek,6.2,16.19,99
40,The Prophecy,6.4,16.12,98
41,Jason Goes to Hell: The Final Friday,4.1,15.94,87
42,Devil's Due,4.1,15.82,89
43,Wishmaster,5.8,15.72,90
44,The Island,5.3,15.72,109
45,Leviathan,5.8,15.70,98
46,Killer Klowns from Outer Space,6.2,15.63,88
47,Wrong Turn,6.1,15.42,84
48,Gretel & Hansel,5.5,15.35,87
49,Needful Things,6.2,15.19,120
0,The Last Exorcism Part II,4.0,15.18,88
1,Thinner,5.8,15.17,93
2,Halloween: The Curse of Michael Myers,4.7,15.12,87
3,Firestarter,6.0,15.10,114
4,American Psycho,7.6,15.07,102
5,See No Evil,5.0,15.03,84
6,The Cave,5.1,15.01,97
7,Child's Play 3,5.1,14.96,90
8,The Prodigy,5.9,14.86,92
9,The Possession of Hannah Grace,5.2,14.84,86
10,Prom Night,5.3,14.80,92
11,Orca,5.7,14.72,92
12,It Follows,6.8,14.67,100
13,My Soul to Take,4.7,14.64,107
14,Children of the Corn,5.6,14.57,92
15,Hellraiser,6.9,14.56,94
16,The Vanishing,6.3,14.54,109
17,Psycho III,5.4,14.48,93
18,Night of the Comet,6.3,14.42,95
19,Halloween III: Season of the Witch,5.1,14.40,98
20,Godsend,4.8,14.38,102
21,Friday the 13th Part VIII: Jason Takes Manhattan,4.5,14.34,100
22,Wish Upon,5.0,14.30,90
23,The Return of the Living Dead,7.3,14.24,91
24,Scanners,6.7,14.23,103
25,Supernova,4.8,14.22,90
26,Prince of Darkness,6.7,14.18,102
27,Ernest Scared Stupid,5.7,14.14,91
28,Poltergeist III,4.7,14.11,98
29,Virus,5.0,14.01,99
30,Creepshow 2,6.0,14.00,92
31,It Comes at Night,6.2,13.99,91
32,Candyman: Farewell to the Flesh,5.2,13.94,95
33,The Thing,8.2,13.78,109
34,Shaun of the Dead,7.9,13.54,99
35,The Gate,6.0,13.54,85
36,The Haunting of Molly Hartley,3.9,13.35,85
37,Lord of Illusions,6.0,13.29,109
38,The Entity,6.7,13.28,125
39,Visiting Hours,5.7,13.26,103
40,Case 39,6.2,13.25,109
41,Feardotcom,3.4,13.21,101
42,Critters,6.1,13.17,86
43,Jason X,4.4,13.12,92
44,Cat's Eye,6.3,13.09,94
45,They Live,7.2,13.01,94
46,Man's Best Friend,5.2,12.97,87
47,April Fool's Day,6.1,12.95,89
48,The Collection,6.1,12.84,82
49,They,4.8,12.84,89
0,Race with the Devil,6.6,12.64,88
1,House of 1000 Corpses,6.0,12.63,89
2,Silent House,5.2,12.56,86
3,Hellraiser III: Hell on Earth,5.5,12.53,97
4,Amityville II: The Possession,5.5,12.53,104
5,Hideaway,5.3,12.20,106
6,Let Me In,7.1,12.13,116
7,The Gift,6.7,12.01,111
8,Phantasm,6.6,11.99,89
9,Sorority Row,5.1,11.96,101
10,Tales from the Hood,6.5,11.80,98
11,Halloween 5: The Revenge of Michael Myers,4.9,11.64,96
12,Lifeforce,6.1,11.60,101
13,Graveyard Shift,4.9,11.58,86
14,Army of Darkness,7.4,11.50,81
15,Dreamscape,6.3,11.48,99
16,The Birds,7.6,11.40,119
17,Brotherhood of the Wolf,7.0,11.26,142
18,Deep Rising,6.1,11.20,106
19,Dead Awake,4.6,11.11,99
20,Hell Fest,5.5,11.11,89
21,Hellbound: Hellraiser II,6.4,11.09,97
22,Sleepaway Camp,6.2,11.00,84
23,Pride and Prejudice and Zombies,5.8,10.91,108
24,Dracula: Dead and Loving It,5.8,10.77,88
25,The Darkness,4.5,10.73,92
26,Wolfen,6.3,10.63,115
27,Primeval,4.8,10.60,93
28,Silent Rage,5.4,10.49,103
29,The Witches,6.8,10.36,91
30,Pandorum,6.7,10.33,108
31,House of the Dead,2.1,10.25,90
32,Flesh for Frankenstein,5.8,10.25,95
33,The Belko Experiment,6.1,10.16,89
34,Bats,4.0,10.16,91
35,Class Reunion,4.6,10.05,84
36,Cry Wolf,5.8,10.05,90
37,The Swarm,4.5,10.00,116
38,King Kong,7.9,10.00,100
39,Once Bitten,5.5,10.00,94
40,Bad Dreams,5.6,9.80,80
41,The Hidden,7.0,9.75,97
42,The Dark Half,6.0,9.58,122
43,Village of the Damned,5.6,9.42,98
44,Return of the Living Dead II,5.7,9.21,89
45,Body Parts,5.6,9.19,88
46,Dead Ringers,7.2,9.13,116
47,Warlock,6.2,9.09,103
48,Meet the Blacks,4.8,9.09,94
49,Deadly Friend,5.5,8.99,91
0,In the Mouth of Madness,7.1,8.95,95
1,Nightbreed,6.5,8.86,102
2,Unfriended: Dark Web,6.0,8.78,92
3,Suspect Zero,5.8,8.73,99
4,The Stepford Wives,6.9,8.72,115
5,The Island of Dr. Moreau,5.9,8.72,99
6,The Puppet Masters,5.9,8.64,109
7,Leprechaun,4.8,8.56,92
8,The Quiet Ones,5.1,8.50,98
9,Ghosts of Mars,4.9,8.43,98
10,The Awakening,4.8,8.42,101
11,Dr. Giggles,5.2,8.40,95
12,Shadow of the Vampire,6.9,8.29,92
13,Deadly Blessing,5.5,8.28,100
14,The Blob,6.6,8.25,95
15,DeepStar Six,5.3,8.14,99
16,A Cure for Wellness,6.4,8.11,146
17,The Texas Chainsaw Massacre 2,5.6,8.03,101
18,The Funhouse,5.9,7.89,96
19,The Night Listener,5.9,7.83,91
20,Dead Calm,6.8,7.83,96
21,House II: The Second Story,5.4,7.80,88
22,Vampire Academy,5.4,7.79,104
23,Slither,6.5,7.77,95
24,The Return,4.7,7.75,85
25,The Beast Within,5.6,7.74,98
26,Unsane,6.4,7.73,98
27,The Collector,6.3,7.71,90
28,We Have Always Lived in the Castle,5.6,7.67,95
29,The Order,5.1,7.66,102
30,I Know Who Killed Me,3.6,7.50,105
31,Maximum Overdrive,5.4,7.43,98
32,Witchboard,5.7,7.37,98
33,Bones,4.4,7.31,96
34,The Forsaken,5.3,7.29,90
35,Phantasm II,6.4,7.28,97
36,Transylvania 6-5000,4.9,7.20,93
37,The Green Inferno,5.3,7.19,100
38,The Orphanage,7.4,7.16,105
39,Turistas,5.4,7.03,93
40,Bug,6.1,7.01,102
41,Eraserhead,7.3,7.00,89
42,Cat People,6.2,7.00,118
43,Parasite,4.0,7.00,85
44,Children of the Corn II: The Final Sacrifice,4.3,6.98,92
45,Willard,6.1,6.89,100
46,Shut In,4.8,6.88,91
47,Trick or Treat,5.8,6.80,98
48,Nightmares,5.7,6.67,99
49,The Dead Don't Die,5.4,6.56,104
0,Motel Hell,6.0,6.34,101
1,The Unholy,5.0,6.34,102
2,Amityville 3-D,4.2,6.33,105
3,Ezra,6.6,6.07,147
4,Piranha,5.9,6.00,94
5,The Hunger,6.6,5.98,97
6,Captive State,6.0,5.96,109
7,Evil Dead II,7.7,5.92,84
8,Night of the Living Dead,6.8,5.84,92
9,The Hunt,6.5,5.81,90
10,Day of the Dead,7.1,5.80,101
11,Screamers,6.3,5.78,108
12,Victor Frankenstein,5.9,5.78,110
13,Leatherface: Texas Chainsaw Massacre III,5.0,5.77,85
14,Mary Reilly,5.8,5.71,108
15,My Bloody Valentine,6.2,5.67,90
16,Phantoms,5.4,5.66,96
17,Elvira: Mistress of the Dark,6.5,5.60,96
18,Bordello of Blood,5.4,5.59,87
19,Troll,4.6,5.45,82
20,Split Second,6.0,5.43,90
21,Silver Bullet,6.4,5.40,95
22,Monkey Shines,6.2,5.34,113
23,Venom,5.8,5.23,92
24,Alone in the Dark,2.4,5.18,96
25,Student Bodies,5.4,5.17,86
26,Dawn of the Dead,7.8,5.10,127
27,Ghost in the Machine,4.6,5.09,95
28,The Watcher in the Woods,6.1,5.00,84
29,"The Beast from 20,000 Fathoms",6.6,5.00,80
30,Club Dread,5.6,4.99,104
31,Innocent Blood,6.2,4.97,112
32,Vamp,5.9,4.94,93
33,The Apparition,4.1,4.93,82
34,Invaders from Mars,5.5,4.88,100
35,Rachel's Attic,3.6,4.80,112
36,Abbott and Costello Meet Frankenstein,7.3,4.80,83
37,Incarnate,5.3,4.79,87
38,Creature,4.4,4.78,95
39,Don't Let Go,6.4,4.69,103
40,C.H.U.D.,5.6,4.65,88
41,The Boogey Man,4.6,4.50,82
42,Mindhunters,6.3,4.48,106
43,The Company of Wolves,6.6,4.39,95
44,Pumpkinhead,6.2,4.39,86
45,The Bride of Frankenstein,7.8,4.36,75
46,The Pit and the Pendulum,7.0,4.36,80
47,Dark Angel,6.1,4.35,91
48,Lisa,5.9,4.35,95
49,Mortuary,5.1,4.32,93
0,The Omen,7.5,4.27,111
1,Brainscan,6.0,4.26,96
2,Popcorn,5.9,4.21,91
3,Twin Peaks: Fire Walk with Me,7.2,4.16,134
4,Godzilla 1985,6.1,4.12,87
5,Black Christmas,7.1,4.05,98
6,What Ever Happened to Baby Jane?,8.0,4.05,134
7,Idle Hands,6.2,4.00,92
8,House of Dark Shadows,6.3,4.00,97
9,Cat People,7.2,4.00,73
10,Blood Feast,5.0,4.00,67
11,Ingagi,4.3,4.00,85
12,P2,5.9,3.99,98
13,The Phantom of the Opera,5.5,3.95,93
14,Dr. Jekyll and Mr. Hyde,6.8,3.92,113
15,My Demon Lover,4.6,3.92,90
16,Morgan,5.8,3.91,92
17,Warlock: The Armageddon,5.4,3.90,98
18,Damien: Omen II,6.2,3.88,107
19,Critters 2: The Main Course,5.5,3.81,86
20,Curse of Chucky,5.6,3.80,97
21,The Monster Squad,6.9,3.77,79
22,Friend Request,5.2,3.76,92
23,The Keep,5.7,3.76,96
24,The Phantom of the Opera,7.5,3.75,93
25,High Tension,6.7,3.68,91
26,Scouts Guide to the Zombie Apocalypse,6.3,3.64,93
27,Bug,5.2,3.60,99
28,The Bride,5.4,3.60,118
29,Phoenix Forgotten,5.3,3.60,87
30,Dead Heat,6.0,3.59,84
31,Blood and Chocolate,5.3,3.53,98
32,The Wraith,5.9,3.50,93
33,Phantom of the Opera,6.4,3.49,92
34,Bad Samaritan,6.4,3.44,110
35,Near Dark,6.9,3.37,94
36,My Boyfriend's Back,5.4,3.34,85
37,What We Do in the Shadows,7.6,3.33,86
38,13 Ghosts,6.0,3.27,85
39,Treehouse,3.8,3.25,100
40,Green Room,7.0,3.22,95
41,Pi,7.3,3.22,84
42,The Skin I Live In,7.6,3.19,120
43,House of Usher,6.9,3.16,79
44,Night of the Demons,6.1,3.11,90
45,Soul Survivors,3.9,3.10,84
46,The Last House on the Left,5.9,3.10,84
47,The Reincarnation of Peter Proud,6.4,3.08,105
48,Night of Dark Shadows,5.4,3.05,95
49,The Fly,7.1,3.00,94
0,Blacula,5.7,3.00,93
1,The Other Side of the Door,5.3,2.99,96
2,Fright Night Part 2,5.9,2.98,104
3,976-EVIL,5.1,2.96,92
4,eXistenZ,6.8,2.84,97
5,Dr. Jekyll and Mr. Hyde,7.6,2.79,98
6,The Pyramid,4.6,2.76,89
7,Deadtime Stories,4.7,2.75,93
8,Hello Mary Lou: Prom Night II,5.7,2.68,97
9,Captivity,4.6,2.63,96
10,The Innocents,7.8,2.62,100
11,The Haunting,7.4,2.62,112
12,The Haunted Palace,6.7,2.62,87
13,Abbott and Costello Meet Dr. Jekyll and Mr. Hyde,6.4,2.62,76
14,Under the Skin,6.3,2.61,108
15,Impulse,5.8,2.50,91
16,"Silent Night, Deadly Night",5.8,2.49,79
17,The Stepfather,6.7,2.49,89
18,Suspiria,6.7,2.47,152
19,Class of 1999,5.9,2.46,99
20,The Hand,5.5,2.45,104
21,Godzilla,7.5,2.42,96
22,Dead of Winter,6.2,2.41,100
23,The Disappointments Room,3.9,2.41,91
24,The Kindred,5.6,2.41,93
25,BloodRayne,2.9,2.41,95
26,The Evil Dead,7.4,2.40,85
27,The Killing of a Sacred Deer,7.0,2.29,121
28,Nomads,5.3,2.28,91
29,Leprechaun 2,4.6,2.26,85
30,The Objective,5.4,2.25,90
31,Jeepers Creepers III,3.9,2.24,100
32,The Hunchback of Notre Dame,7.2,2.22,133
33,Def by Temptation,5.1,2.22,95
34,The Host,7.1,2.20,120
35,Scream Blacula Scream,5.6,2.18,96
36,Train to Busan,7.6,2.13,118
37,Let the Right One In,7.9,2.12,114
38,Videodrome,7.2,2.12,87
39,Ravenous,6.9,2.06,101
40,Gate 2: The Trespassers,4.8,2.03,93
41,Pieces,6.0,2.03,85
42,Re-Animator,7.2,2.02,84
43,Sur le seuil,6.4,2.01,97
44,Bubba Ho-Tep,6.9,2.00,92
45,I Was a Teenage Werewolf,5.1,2.00,76
46,Assassination Nation,6.0,1.96,108
47,Spellbinder,5.8,1.94,99
48,The Curse,5.1,1.93,92
49,Communion,5.5,1.92,107
0,Shin Godzilla,6.8,1.92,120
1,A Sound of Thunder,4.2,1.89,110
2,Only Lovers Left Alive,7.2,1.88,123
3,The Kiss,5.4,1.87,101
4,Lady in a Cage,6.7,1.85,94
5,Tusk,5.3,1.82,102
6,The Mangler,4.3,1.78,106
7,Carnosaur,3.6,1.75,83
8,House III: The Horror Show,5.1,1.74,95
9,Take Shelter,7.3,1.73,120
10,Link,5.9,1.72,103
11,The Vatican Tapes,4.7,1.71,91
12,Lady in White,6.5,1.71,113
13,Tales from the Crypt,6.9,1.70,92
14,The Rain Killer,4.7,1.70,94
15,The Invisible Man's Revenge,5.6,1.67,78
16,Brain Dead,5.9,1.63,85
17,The Haunting of Morella,4.4,1.55,82
18,Stepfather II: Make Room for Daddy,5.6,1.52,93
19,Night Watch,6.4,1.49,114
20,Phantom of the Rue Morgue,5.9,1.45,83
21,Death Machine,5.6,1.42,120
22,The Little Shop of Horrors,6.2,1.40,72
23,Repossessed,4.8,1.38,80
24,Strange Invaders,5.4,1.36,94
25,From a Whisper to a Scream,5.8,1.36,99
26,My Friend Dahmer,6.2,1.36,107
27,Son of Kong,5.6,1.34,70
28,The Neon Demon,6.1,1.33,117
29,Creature from the Black Lagoon,6.9,1.30,79
30,The House on Sorority Row,5.9,1.29,91
31,Night Watch,6.3,1.26,99
32,From Beyond,6.6,1.26,85
33,The Abandoned,5.5,1.26,99
34,The Legend of Blood Mountain,3.2,1.25,76
35,Mojin: The Lost Legend,5.9,1.24,127
36,Slumber Party Massacre III,4.5,1.24,87
37,Peninsula,5.5,1.23,116
38,High Life,5.8,1.23,113
39,The Terror,7.5,1.22,85
40,Mandy,6.5,1.21,121
41,Mute Witness,6.7,1.20,95
42,Nightwatch,6.2,1.20,101
43,Return to Horror High,4.3,1.19,95
44,The Lair of the White Worm,6.0,1.19,93
45,Dylan Dog: Dead of Night,5.1,1.18,107
46,Repentance,4.9,1.18,90
47,Night School,5.6,1.17,88
48,The Remaining,4.3,1.17,88
49,Goodnight Mommy,6.7,1.17,99
0,The Lords of Salem,5.2,1.16,101
1,The Unborn,4.7,1.16,83
2,Nightflyers,4.3,1.15,89
3,Eyes of a Stranger,5.9,1.12,84
4,Possession,7.3,1.11,124
5,Red State,6.1,1.10,88
6,Tarantula,6.4,1.10,80
7,Diabolique,8.1,1.09,117
8,The Return of the Vampire,6.1,1.09,69
9,The Outing,5.1,1.08,87
10,Scream,2.9,1.08,82
11,Of Unknown Origin,6.1,1.08,88
12,Bhool Bhulaiyaa,7.4,1.07,159
13,Driftwood,4.7,1.07,90
14,Bad Moon,5.8,1.06,80
15,The Sender,6.0,1.05,91
16,Skinwalkers,4.5,1.02,110
17,Golmaal Again,4.9,1.01,140
18,Thr3e,4.9,1.01,101
19,Mystery Science Theater 3000: The Movie,7.2,1.01,73
20,Army of the Dead,5.7,1.00,148
21,The Killer Shrews,4.1,1.00,69
22,Children of the Damned,6.2,1.00,89
23,Robot Monster,2.9,1.00,66
24,Mosquito,4.8,0.99,92
25,Don't Look Now,7.1,0.98,110
26,The Most Dangerous Game,7.1,0.97,63
27,Diary of the Dead,5.5,0.96,95
28,Watchers,5.3,0.94,91
29,The Babadook,6.8,0.92,94
30,Gothic,5.7,0.92,87
31,Doctor X,6.4,0.88,76
32,Venom,4.6,0.88,87
33,Parents,6.1,0.87,81
34,Darker Than Night,4.2,0.86,110
35,The Terror Within,4.7,0.86,88
36,The Mask of Fu Manchu,6.2,0.82,68
37,Sarah Landon and the Paranormal Hour,3.8,0.82,81
38,Waxwork,6.1,0.81,95
39,Climax,6.9,0.80,97
40,Dracula: Prince of Darkness,6.7,0.80,90
41,The Toxic Avenger Part II,5.0,0.79,102
42,31,5.1,0.78,102
43,The Church,2.8,0.77,81
44,Ben,5.3,0.77,94
45,The Devil's Backbone,7.4,0.75,106
46,Torso,6.5,0.74,92
47,Vampire's Kiss,6.1,0.73,103
48,The Little Stranger,5.5,0.71,111
49,Hobo with a Shotgun,6.1,0.70,86
0,Killer Party,5.0,0.68,91
1,Maniac Cop,6.0,0.67,85
2,Strangeland,5.0,0.63,85
3,Freaks,7.8,0.63,64
4,Range 15,4.3,0.62,89
5,Cronos,6.7,0.62,94
6,Henry: Portrait of a Serial Killer,7.0,0.61,83
7,Poison,6.3,0.61,85
8,Below,6.1,0.61,105
9,The Signal,6.0,0.60,103
10,Night of the Creeps,6.7,0.59,88
11,House,4.5,0.57,88
12,The Abominable Dr. Phibes,7.1,0.55,94
13,Anna and the Apocalypse,6.0,0.55,93
14,London After Midnight,6.7,0.52,69
15,The Black Cat,6.9,0.51,65
16,Unsullied,4.0,0.51,93
17,Raw,7.0,0.51,99
18,The Eye,6.6,0.50,99
19,Cube,7.2,0.50,90
20,Rodan,6.2,0.50,74
21,A Polish Vampire in Burbank,4.9,0.50,80
22,Flying Saucer Rock 'N' Roll,4.5,0.50,85
23,Jack's Back,5.8,0.49,97
24,Meet the Applegates,5.4,0.49,90
25,Attack of the 50 Foot Woman,5.0,0.48,66
26,Joshua,5.8,0.48,106
27,Little Horror Movie,4.4,0.48,84
28,The Other,6.8,0.48,108
29,Frogs,4.4,0.48,91
30,Apprentice to Murder,4.9,0.47,97
31,Day Watch,6.4,0.45,132
32,Attack on Titan Part 1,5.0,0.45,98
33,Nadja,6.0,0.45,93
34,The Dunwich Horror,5.4,0.45,90
35,The Nightcomers,5.8,0.44,96
36,Body Snatchers,6.0,0.43,87
37,Time Walker,3.6,0.43,83
38,The Bird with the Crystal Plumage,7.1,0.42,96
39,Out of the Dark,5.3,0.42,89
40,One Exciting Night,5.5,0.41,128
41,The Unknown,7.7,0.41,63
42,Antichrist,6.5,0.40,108
43,Boardinghouse,3.7,0.39,98
44,Session 9,6.4,0.38,97
45,Scream and Scream Again,5.5,0.38,95
46,Piranha 3DD,3.8,0.38,83
47,Cut and Run,5.7,0.37,90
48,Mad Love,7.2,0.37,68
49,Karmina,6.7,0.37,110
0,Highwaymen,5.6,0.37,80
1,The Toxic Avenger Part III: The Last Temptation of Toxie,4.3,0.36,102
2,Prison,5.8,0.35,102
3,The Incredible 2-Headed Transplant,3.5,0.35,88
4,Sisters,6.9,0.35,93
5,Murder in the Woods,3.7,0.35,88
6,Aftermath,4.8,0.35,92
7,Two Evil Eyes,6.1,0.35,120
8,Teeth,5.4,0.35,94
9,Kaal,4.7,0.34,126
10,The Legend of Boggy Creek,5.2,0.34,87
11,Frankenstein Unbound,5.4,0.33,85
12,Hood of Horror,4.1,0.33,84
13,Creature,3.6,0.33,93
14,Ju-on: The Grudge,6.7,0.33,92
15,The Cat and the Canary,7.1,0.33,108
16,TerrorVision,5.5,0.32,85
17,Attack on Titan Part 2,4.7,0.31,87
18,K-12,6.4,0.30,96
19,Intacto,6.8,0.30,108
20,The Addiction,6.4,0.30,82
21,Demons,3.7,0.30,105
22,Fido,6.7,0.30,93
23,Thirst,7.1,0.30,134
24,Go Goa Gone,6.6,0.30,111
25,Rumpelstiltskin,4.5,0.29,87
26,Innocence,4.4,0.29,96
27,The Giant Spider Invasion,3.2,0.29,84
28,But Deliver Us from Evil,2.7,0.28,109
29,Blood for Dracula,6.1,0.28,106
30,Octaman,3.4,0.28,79
31,The Wedding Curse,6.3,0.28,110
32,The Endless,6.5,0.27,111
33,Munger Road,4.4,0.27,86
34,Psycho Beach Party,6.0,0.27,95
35,Rare Exports,6.6,0.26,84
36,Dante's Inferno,5.7,0.26,60
37,Blood: The Last Vampire,5.2,0.26,91
38,Alleluia! The Devil's Carnival,6.6,0.26,97
39,Cemetery Man,7.1,0.25,105
40,Frankenstein,5.1,0.25,89
41,Lords of Chaos,6.6,0.25,118
42,Troll Hunter,6.9,0.25,103
43,Dominion,5.2,0.25,117
44,Planet of the Vampires,6.2,0.25,88
45,Equinox,5.2,0.25,82
46,Dead Alive,7.5,0.24,104
47,Soultaker,2.4,0.23,94
48,The Invitation,6.6,0.23,100
49,The Love Witch,6.2,0.23,120
0,Anguish,6.7,0.23,89
1,White of the Eye,6.1,0.23,110
2,The Terminal Man,5.6,0.22,107
3,The Black Waters of Echo's Pond,4.3,0.22,89
4,Tucker and Dale vs Evil,7.5,0.22,89
5,Bloodthirsty Butchers,3.3,0.22,79
6,Dead & Buried,6.5,0.22,94
7,Night of the Living Dead 3D,3.1,0.22,80
8,"Count Yorga, Vampire",5.7,0.21,93
9,Revelation,4.7,0.21,98
10,Frankenhooker,6.2,0.21,85
11,Fear of Rain,5.9,0.20,109
12,The Witches,5.3,0.20,106
13,Dr Jekyll & Sister Hyde,6.6,0.20,94
14,"Filth to Ashes, Flesh to Dust",2.5,0.20,90
15,The New Kids,6.1,0.20,110
16,The Return of Swamp Thing,4.6,0.19,88
17,Hell High,5.1,0.19,84
18,Hellbent,5.5,0.19,84
19,Fury of the Wolfman,3.7,0.19,86
20,Maggie,5.6,0.19,95
21,The Human Centipede (First Sequence),4.4,0.18,92
22,In the Shadow of Kilimanjaro,5.1,0.18,97
23,The Bad Batch,5.2,0.18,118
24,The Afflicted,4.5,0.18,85
25,My Best Friend Is a Vampire,6.0,0.17,89
26,My Name Is Bruce,6.2,0.17,84
27,That Demon Within,5.9,0.17,111
28,The Hanging Woman,5.7,0.17,99
29,Escape from Tomorrow,5.1,0.17,90
30,Fright,5.8,0.17,87
31,Hangman's Curse,4.8,0.17,106
32,Witchboard 2,5.0,0.17,98
33,Tamara,5.0,0.17,98
34,Rampant,6.3,0.17,121
35,The Possession of Joel Delaney,5.7,0.17,105
36,Holla,3.4,0.17,86
37,Horns,6.4,0.16,120
38,Phantom of the Paradise,7.3,0.16,91
39,Deadtime,2.3,0.16,97
40,Hatchet,5.6,0.16,93
41,"Silent Night, Deadly Night Part 2",3.8,0.15,88
42,"I, Madman",5.9,0.15,89
43,Vampire Hunter D: Bloodlust,7.6,0.15,103
44,The Void,5.9,0.15,90
45,May,6.6,0.15,93
46,The Crazies,6.1,0.15,103
47,Razorback,6.0,0.15,95
48,Jinn,4.1,0.15,97
49,Thelma,7.0,0.15,116
0,The Doctor and the Devils,6.1,0.15,93
1,Deadly Renovations,2.8,0.15,85
2,Dahmer,5.6,0.14,101
3,Man-Thing,4.0,0.14,97
4,The Lost Skeleton of Cadavra,6.8,0.14,90
5,Chain Letter,4.1,0.14,96
6,X,6.1,0.14,100
7,Texas Chainsaw Massacre: The Next Generation,3.3,0.14,87
8,John Dies at the End,6.3,0.14,99
9,Repo! The Genetic Opera,6.4,0.14,98
10,Baghead,6.0,0.14,84
11,Severance,6.4,0.14,96
12,Cameron's Closet,5.0,0.14,88
13,Stanley,4.6,0.14,108
14,Ghost Stories,6.4,0.14,98
15,No Place to Hide,5.1,0.14,98
16,The Eclipse,6.0,0.13,88
17,Tigers Are Not Afraid,6.9,0.13,83
18,DOTGA: Da One That Ghost Away,5.2,0.13,103
19,I Saw the Devil,7.8,0.13,144
20,Monster Family,4.8,0.13,93
21,The Night Flier,6.0,0.13,97
22,The Beyond,6.6,0.12,87
23,The Human Centipede 2 (Full Sequence),3.8,0.12,91
24,Afflicted,6.2,0.12,85
25,The Road,5.6,0.12,110
26,The 12 Day Smile,5.2,0.12,83
27,Terror at Red Wolf Inn,5.1,0.12,90
28,Monster from the Ocean Floor,3.8,0.12,64
29,Greedy Guts,7.3,0.12,132
30,Slaughter Creek,3.1,0.12,94
31,Captain Kronos: Vampire Hunter,6.4,0.12,91
32,Gonjiam: Haunted Asylum,6.4,0.12,95
33,Frankenstein and the Monster from Hell,6.3,0.12,93
34,Heart of Midnight,5.4,0.11,93
35,Stomp! Shout! Scream!,4.6,0.11,79
36,The Dead Are Alive!,5.4,0.11,105
37,Pathology,5.9,0.11,95
38,Not of This Earth,4.9,0.11,81
39,Rise: Blood Hunter,4.9,0.11,97
40,Alien Trespass,5.7,0.10,90
41,Demon,6.1,0.10,94
42,The Divine Fury,6.3,0.10,129
43,Edge of Sanity,5.2,0.10,90
44,Revenge,6.4,0.10,108
45,Survival of the Dead,4.8,0.10,90
46,Mojin: The Worm Valley,4.8,0.10,110
47,Riding the Bullet,5.2,0.10,98
48,The House of the Devil,6.3,0.10,95
49,Frankenstein Must Be Destroyed,6.7,0.10,101
0,Wendigo,5.1,0.10,91
1,Martin,7.0,0.10,95
2,V/H/S,5.8,0.10,116
3,The Lure,6.3,0.10,92
4,Rubber,5.7,0.10,82
5,Latin Boys Go to Hell,5.1,0.10,71
6,Cure,7.5,0.09,111
7,I Spit on Your Grave,6.2,0.09,108
8,Evil Bong 3: The Wrath of Bong,3.7,0.09,87
9,Night of the Living Dead,7.8,0.09,96
10,The House That Jack Built,6.8,0.09,152
11,Knights of Badassdom,5.6,0.09,86
12,Summer of 84,6.7,0.09,105
13,Byzantium,6.5,0.08,118
14,Peeping Tom,7.6,0.08,101
15,Eugenie,5.3,0.08,87
16,The Midnight Meat Train,6.0,0.08,100
17,Black Sheep,5.8,0.08,87
18,Pagpag: Nine Lives,5.5,0.08,105
19,The Naked Witch,5.0,0.08,97
20,Inkubus,3.8,0.08,80
21,Three Daughters,7.9,0.08,114
22,Tale of Tales,6.4,0.08,134
23,Life After Beth,5.6,0.08,89
24,Christmas in Wonderland,4.7,0.08,95
25,Fear(s) of the Dark,6.6,0.08,83
26,The Innkeepers,5.5,0.08,101
27,Beyond the Door,4.7,0.08,108
28,We Are What We Are,5.9,0.08,105
29,After Midnight,5.5,0.08,93
30,Three... Extremes,6.9,0.08,125
31,Impulse,4.8,0.08,82
32,No One Lives,5.9,0.07,86
33,The Mirror,5.1,0.07,87
34,Behind the Mask: The Rise of Leslie Vernon,6.7,0.07,92
35,Intruders,5.4,0.07,100
36,The Ghost Bride,5.5,0.07,111
37,From Within,5.6,0.07,89
38,Tideland,6.3,0.07,120
39,Hatchet II,5.4,0.06,85
40,Tragedy Girls,6.0,0.06,98
41,Silent Tongue,5.2,0.06,102
42,The Wicker Man,7.5,0.06,88
43,Cheap Thrills,6.7,0.06,88
44,Phobia,4.2,0.06,91
45,Mother of Tears,5.0,0.06,102
46,Cynthia,4.6,0.06,89
47,God of Vampires,4.1,0.06,144
48,Borgman,6.7,0.06,113
49,Beyond the Black Rainbow,5.9,0.06,110
0,Deep in the woods (En lo profundo del bosque),4.1,0.06,90
1,Cooties,5.7,0.06,88
2,Dracula: Pages from a Virgin's Diary,6.9,0.06,73
3,Clown,5.7,0.06,100
4,Regression,5.6,0.05,106
5,Feast,6.2,0.05,95
6,Twentynine Palms,5.1,0.05,119
7,Evidence of a Haunting,2.4,0.05,80
8,Gozu,6.9,0.05,129
9,Return of the Living Dead III,5.9,0.05,97
10,Not Forgotten,4.7,0.05,96
11,Eyes Without a Face,7.6,0.05,90
12,The Haunting of Borley Rectory,2.8,0.05,92
13,Clinton Road,3.1,0.05,77
14,Turbo Kid,6.7,0.05,93
15,Timber Falls,5.2,0.05,100
16,Pulse,6.5,0.05,119
17,Spring,6.7,0.05,109
18,Lunacy,7.2,0.05,118
19,Beware! The Blob,4.1,0.05,87
20,Deranged: Confessions of a Necrophile,6.4,0.05,84
21,The Zodiac,5.3,0.04,92
22,The Greasy Strangler,5.7,0.04,93
23,Woodshock,4.2,0.04,100
24,Dead Snow,6.3,0.04,91
25,Holla II,6.3,0.04,90
26,Undead,5.4,0.04,97
27,Pulse,5.4,0.04,91
28,Aftershock,4.8,0.04,89
29,The Last Circus,6.5,0.04,107
30,Close Your Eyes,6.1,0.04,108
31,Shed of the Dead,4.5,0.04,82
32,Clarita,6.2,0.04,85
33,Timecrimes,7.1,0.04,92
34,Office Killer,5.1,0.04,82
35,Incident at Loch Ness,6.5,0.04,94
36,Knock Knock,4.9,0.04,99
37,Deadfall Trail,4.0,0.04,98
38,Sightseers,6.5,0.04,88
39,Sacrifice!,5.4,0.04,93
40,Holy Hell,4.1,0.03,89
41,Dave Made a Maze,6.3,0.03,80
42,Killer Unicorn,3.1,0.03,74
43,Big Bad Wolves,6.8,0.03,110
44,Super Dark Times,6.6,0.03,103
45,The Last Winter,5.5,0.03,101
46,Knife + Heart,6.3,0.03,102
47,Tower of Evil,5.6,0.03,89
48,13B: Fear Has a New Address,7.3,0.03,146
49,Deathdream,6.6,0.03,88
0,The Cured,5.6,0.02,95
1,Wind Chill,5.8,0.02,91
2,The Blackcoat's Daughter,5.9,0.02,93
3,The Cry,2.7,0.02,83
4,Bad Milo,5.7,0.02,85
5,Massacre on Aisle 12,4.5,0.02,83
6,The Manson Family,5.4,0.02,95
7,November,7.2,0.02,115
8,Pro Wrestlers vs Zombies,3.2,0.02,91
9,Stake Land,6.4,0.02,98
10,Donkey Punch,5.2,0.02,99
11,Juan of the Dead,6.4,0.02,92
12,The Channel,3.2,0.02,93
13,Cruel World,3.7,0.02,88
14,Goliathon,5.4,0.02,90
15,Piercing,5.5,0.02,81
16,The Day of the Beast,7.3,0.02,99
17,Cthulhu,4.6,0.02,100
18,Save the Green Planet!,7.2,0.01,118
19,The Breed,5.1,0.01,91
20,Kiss of the Damned,5.5,0.01,97
21,The Hallow,5.7,0.01,97
22,Marebito,6.0,0.01,92
23,Buzzard,6.3,0.01,97
24,I Am Fear,3.4,0.01,87
25,Hagazussa,5.8,0.01,102
26,Creepozoids,4.0,0.01,72
27,Like Me,5.2,0.01,80
28,A Beginner's Guide to Snuff,4.9,0.01,87
29,Shaye & Kiki,7.1,0.01,96
30,Destiny,7.6,0.01,114
31,Always Shine,5.6,0.01,85
32,Gory Gory Hallelujah,4.0,0.01,96
33,The Wolves of Kromer,5.9,0.01,82
34,Made Me Do It,5.8,0.01,90
35,Midget Zombie Takeover,3.2,0.01,73
36,"Otto; or, Up with Dead People",5.1,0.01,94
37,A Resurrection,3.9,0.01,89
38,The Autopsy of Jane Doe,6.8,0.01,86
39,Love & Murder,4.5,0.01,87
40,Rogue,6.2,0.01,99
41,Taxidermia,6.8,0.01,91
42,The Sculptress,3.6,0.01,101
43,Circle,3.3,0.01,87
44,Silent Night,5.2,0.01,94
45,The Tenant,3.1,0.01,96
46,Witch Graveyard,6.8,0.01,70
47,Trouble Every Day,5.9,0.01,101
48,Honeymoon,5.7,0.01,87
49,13 Sins,6.3,0.01,93
